Workbook

Sheet DadosBrutos
A1: Filial | B1: Cliente | C1: PV | D1: NF | E1: Emissão NF | F1: Transport. | G1: Dt. Romaneio | H1: Dt. Entrega Real | I1: R$ NF
A2: 101 | B2: FUNDACAO ANTONIO PRUDENTE | C2: 61968 | D2: 170520 | E2: 46205 | F2: CARRO PROPRIO | G2: 46210 | H2: 46210 | I2: R$ 984,00
A3: 101 | B3: SOCIEDADE BENEF - HOSP SIRIO LIBANES | C3: 61969 | D3: 170700 | E3: 46206 | F3: CARRO PROPRIO | G3: 46213 | H3: 46213 | I3: R$ 8.642,70
A4: 101 | B4: SOCIEDADE BENEF - HOSP SIRIO LIBANES | C4: 61970 | D4: 170701 | E4: 46206 | F4: CARRO PROPRIO | G4: 46213 | H4: 46213 | I4: R$ 10.578,20
A5: 101 | B5: SOCIEDADE BENEF - HOSP SIRIO LIBANES | C5: 61970 | D5: 172315 | E5: 46224 | F5: CARRO PROPRIO | G5: 46226 | H5: 46226 | I5: R$ 8.000,00
A6: 101 | B6: SOCIEDADE BENEF - HOSP SIRIO LIBANES | C6: 61971 | D6: 170702 | E6: 46206 | F6: CARRO PROPRIO | G6: 46213 | H6: 46213 | I6: R$ 3.960,00
A7: 101 | B7: PREVENT SENIOR ATENDIMENTO A SAUDE LTDA. | C7: 61972 | D7: 170703 | E7: 46206 | F7: CARRO PROPRIO | G7: 46211 | H7: 46211 | I7: R$ 12.875,46
A8: 101 | B8: SOCIEDADE BENEF - HOSP SIRIO LIBANES | C8: 61975 | D8: 170691 | E8: 46206 | F8: CARRO PROPRIO | G8: 46210 | H8: 46210 | I8: R$ 3.608,00
A9: 101 | B9: SOCIEDADE BENEF - HOSP SIRIO LIBANES | C9: 61976 | D9: 172316 | E9: 46224 | F9: CARRO PROPRIO | G9: 46226 | H9: 46226 | I9: R$ 4.000,00
A10: 101 | B10: SOCIEDADE BENEF - HOSP SIRIO LIBANES | C10: 61977 | D10: 171171 | E10: 46213 | F10: CARRO PROPRIO | G10: 46231 | H10: 46231 | I10: R$ 3.077,00
A11: 101 | B11: SOCIEDADE BENEF - HOSP SIRIO LIBANES | C11: 61978 | D11: 171244 | E11: 46213 | F11: CARRO PROPRIO | G11: 46231 | H11: 46231 | I11: R$ 11.895,00
A12: 101 | B12: DIAGNOSTICOS DA AMERICA SA | C12: 61979 | D12: 170498 | E12: 46205 | F12: CARRO PROPRIO | G12: 46206 | H12: 46206 | I12: R$ 1.371,85
A13: 101 | B13: FUNDACAO ANTONIO PRUDENTE | C13: 61980 | D13: 170521 | E13: 46205 | F13: CARRO PROPRIO | G13: 46210 | H13: 46210 | I13: R$ 32.166,05
A14: 101 | B14: FUNDACAO ANTONIO PRUDENTE | C14: 61982 | D14: 170523 | E14: 46205 | F14: CARRO PROPRIO | G14: 46210 | H14: 46210 | I14: R$ 2.220,27
A15: 101 | B15: FUNDACAO ANTONIO PRUDENTE | C15: 61982 | D15: 172540 | E15: 46226 | F15: CARRO PROPRIO | G15: 46231 | I15: R$ 2.245,35
A16: 101 | B16: DIAGNOSTICOS DA AMERICA S.A . | C16: 61983 | D16: 170920 | E16: 46210 | F16: CARRO PROPRIO | G16: 46218 | H16: 46218 | I16: R$ 30,20
A17: 101 | B17: DIAGNOSTICOS DA AMERICA S.A . | C17: 61983 | D17: 170920 | E17: 46210 | F17: CARRO PROPRIO | G17: 46218 | H17: 46218 | I17: R$ 3.281,40
A18: 101 | B18: DIAGNOSTICOS DA AMERICA S.A . | C18: 61984 | D18: 170499 | E18: 46205 | F18: RISSO | G18: 46206 | H18: 46210 | I18: R$ 965,65
A19: 101 | B19: PREVILAB | C19: 61985 | D19: 170921 | E19: 46210 | F19: RISSO | G19: 46213 | H19: 46216 | I19: R$ 583,00
A20: 101 | B20: PREVILAB | C20: 61985 | D20: 170921 | E20: 46210 | F20: RISSO | G20: 46213 | H20: 46216 | I20: R$ 12,53
A21: 101 | B21: DIVISAO LAVOISIER - SANTANA | C21: 61986 | D21: 170500 | E21: 46205 | F21: CARRO PROPRIO | G21: 46210 | H21: 46210 | I21: R$ 4.938,40
A22: 101 | B22: FUNDACAO HOSPITALAR SAO LUCAS | C22: 61988 | D22: 172016 | E22: 46220 | F22: ARLETE TRANSPOR | G22: 46223 | H22: 46225 | I22: R$ 23.280,00
A23: 101 | B23: FUNDACAO HOSPITALAR SAO LUCAS | C23: 61989 | D23: 172017 | E23: 46220 | F23: ARLETE TRANSPOR | G23: 46223 | H23: 46225 | I23: R$ 14.666,40
A24: 101 | B24: ASSOCIACAO BENEFICENTE SIRIA | C24: 61990 | D24: 170459 | E24: 46204 | F24: CARRO PROPRIO | G24: 46232 | H24: 46232 | I24: R$ 2.408,00
A25: 101 | B25: DIAGNOSTICOS DA AMERICA SA | C25: 61991 | D25: 172351 | E25: 46224 | F25: BTA TRANSPORTE | G25: 46226 | H25: 46227 | I25: R$ 20.197,50
A26: 101 | B26: DIAGNOSTICOS DA AMERICA SA | C26: 61992 | D26: 172352 | E26: 46224 | F26: BTA TRANSPORTE | G26: 46226 | H26: 46227 | I26: R$ 2.452,50
A27: 101 | B27: IGESP SA CENTRO MEDICO E CIRURGICO INST GASTROENT DE SP | C27: 61993 | D27: 170468 | E27: 46205 | F27: RISSO | G27: 46209 | H27: 46211 | I27: R$ 1.029,00
... A80: 101 | B80: DASA - SAO MARCOS | C80: 62042 | D80: 170599 | E80: 46205 | F80: BTA TRANSPORTE | G80: 46209 | H80: 46212 | I80: R$ 970,08
A81: 101 | B81: ASSOCIACAO CONGREGACAO DE SANTA CATARINA | C81: 62043 | D81: 170696 | E81: 46206 | F81: CARRO PROPRIO | I81: R$ 21.713,12
A82: 101 | B82: DASA - SAO MARCOS | C82: 62044 | D82: 173749 | E82: 46250 | F82: BTA TRANSPORTE | G82: 46251 | H82: 46254 | I82: R$ 4.059,00
A83: 101 | B83: DIAGNOSTICOS DA AMERICA SA | C83: 62046 | D83: 171487 | E83: 46217 | F83: ARLETE TRANSPOR | G83: 46218 | H83: 46224 | I83: R$ 86,14
A84: 101 | B84: DIAGNOSTICOS DA AMERICA SA | C84: 62046 | D84: 170600 | E84: 46205 | F84: ARLETE TRANSPOR | G84: 46209 | H84: 46213 | I84: R$ 1.393,78
A85: 101 | B85: DIAGNOSTICOS DA AMERICA SA | C85: 62046 | D85: 171523 | E85: 46217 | F85: ARLETE TRANSPOR | G85: 46218 | H85: 46224 | I85: R$ 71,22
A86: 101 | B86: DIAGNOSTICOS DA AMERICA SA | C86: 62047 | D86: 172225 | E86: 46223 | F86: ARLETE TRANSPOR | G86: 46225 | H86: 46238 | I86: R$ 763,60
A87: 101 | B87: RUGGERI E PIVA LTDA | C87: 62048 | D87: 170601 | E87: 46205 | F87: ARLETE TRANSPOR | G87: 46206 | H87: 46213 | I87: R$ 645,13
A88: 101 | B88: CASA DE SAUDE E MATERNIDADE SANTA MARTHA SA | C88: 62049 | D88: 171405 | E88: 46216 | F88: CARRO PROPRIO | G88: 46232 | H88: 46232 | I88: R$ 10.025,82
A89: 101 | B89: RUGGERI E PIVA LTDA | C89: 62050 | D89: 173750 | E89: 46250 | F89: ARLETE TRANSPOR | G89: 46251 | H89: 46255 | I89: R$ 738,00
A90: 101 | B90: SOCIEDADE BENEF - HOSP SIRIO LIBANES | C90: 62051 | D90: 170524 | E90: 46205 | F90: CARRO PROPRIO | G90: 46209 | H90: 46209 | I90: R$ 3.000,00
A91: 101 | B91: DIAGNOSTICOS DA AMERICA SA | C91: 62052 | D91: 170959 | E91: 46210 | F91: ARLETE TRANSPOR | G91: 46217 | H91: 46219 | I91: R$ 371,96
A92: 101 | B92: DIAGNOSTICOS DA AMERICA SA | C92: 62052 | D92: 170602 | E92: 46205 | F92: ARLETE TRANSPOR | G92: 46209 | H92: 46213 | I92: R$ 1.941,35
A93: 101 | B93: CASA DE SAUDE E MATERNIDADE SANTA MARTHA SA | C93: 62053 | D93: 170681 | E93: 46205 | F93: CARRO PROPRIO | G93: 46212 | H93: 46212 | I93: R$ 1.890,00
... A128: 101 | B128: LAB HORMON - LAB ESPEC EM DOS HORM LTDA | C128: 62087 | D128: 170609 | E128: 46205 | F128: CARRO PROPRIO | G128: 46211 | H128: 46211 | I128: R$ 159,12
A129: 101 | B129: LAB HORMON - LAB ESPEC EM DOS HORM LTDA | C129: 62088 | D129: 173709 | E129: 46249 | F129: CARRO PROPRIO | G129: 46251 | I129: R$ 123,00
A130: 101 | B130: DIAGNOSTICOS DA AMERICA SA | C130: 62089 | D130: 171461 | E130: 46217 | F130: CARRO PROPRIO | G130: 46218 | H130: 46219 | I130: R$ 1.226,40
A131: 101 | B131: DIAGNOSTICOS DA AMERICA SA | C131: 62089 | D131: 170852 | E131: 46209 | F131: CARRO PROPRIO | G131: 46212 | H131: 46212 | I131: R$ 5.081,00
A132: 101 | B132: DIAGNOSTICOS DA AMERICA SA | C132: 62089 | D132: 170745 | E132: 46206 | F132: CARRO PROPRIO | G132: 46212 | H132: 46212 | I132: R$ 8.797,68
A133: 101 | B133: SPDM - ASSOC PTA P/ O DESENV DA MEDICINA | C133: 62090 | D133: 170514 | E133: 46205 | F133: CARRO PROPRIO | G133: 46206 | H133: 46206 | I133: R$ 3.249,45
A134: 101 | B134: SOCIEDADE BENEF ISRAELITA BRAS HOSPITAL | C134: 62091 | D134: 170557 | E134: 46205 | F134: CARRO PROPRIO | G134: 46220 | H134: 46224 | I134: R$ 15.690,70
A135: 101 | B135: SOCIEDADE BENEF ISRAELITA BRAS HOSPITAL | C135: 62092 | D135: 172262 | E135: 46223 | F135: CARRO PROPRIO | G135: 46225 | H135: 46225 | I135: R$ 581,25
A136: 101 | B136: DIAGNOSTICOS DA AMERICA SA | C136: 62093 | D136: 172358 | E136: 46224 | F136: BTA TRANSPORTE | G136: 46226 | H136: 46227 | I136: R$ 16.854,64
A137: 101 | B137: SOC BENEF ISRAELITABRAS HOSPITAL ALBERT | C137: 62094 | D137: 170945 | E137: 46210 | F137: CARRO PROPRIO | G137: 46213 | H137: 46213 | I137: R$ 1.569,60
A138: 101 | B138: SOC BENEF ISRAELITABRAS HOSPITAL ALBERT | C138: 62094 | D138: 170559 | E138: 46205 | F138: CARRO PROPRIO | G138: 46211 | H138: 46211 | I138: R$ 8.322,15
A139: 101 | B139: MASTER HIGIMED COM PROD HIG E HOSP LTDA | C139: 62095 | D139: 170650 | E139: 46205 | F139: Não Definida | I139: R$ 1.475,16
A140: 101 | B140: SOCIEDADE BENEF ISRAELITA BRAS HOSPITAL | C140: 62097 | D140: 172263 | E140: 46223 | F140: CARRO PROPRIO | G140: 46225 | H140: 46225 | I140: R$ 675,80
A141: 101 | B141: SOCIEDADE BENEF ISRAELITA BRAS HOSPITAL | C141: 62097 | D141: 170560 | E141: 46205 | F141: CARRO PROPRIO | G141: 46218 | I141: R$ 543,40
A142: 101 | B142: SOC BENEF ISRAELITABRAS HOSPITAL ALBERT | C142: 62098 | D142: 170561 | E142: 46205 | F142: CARRO PROPRIO | G142: 46211 | H142: 46211 | I142: R$ 230,54
A143: 101 | B143: SOCIEDADE BENEF ISRAELITA BRAS HOSPITAL | C143: 62099 | D143: 170946 | E143: 46210 | F143: CARRO PROPRIO | G143: 46218 | I143: R$ 620,00
A144: 101 | B144: TRIBUNAL DE JUSTICA M DO ESTADO DE SP | C144: 62100 | D144: 172628 | E144: 46227 | F144: CARRO PROPRIO | G144: 46231 | H144: 46231 | I144: R$ 3.200,00
A145: 101 | B145: RESOLV HOSPITALAR LTDA | C145: 62101 | D145: 170517 | E145: 46205 | F145: RETIRA MATRIZ | G145: 46205 | H145: 46205 | I145: R$ 325,00
A146: 101 | B146: VALECLIN LABORATORIO DE ANALISES CLINICA | C146: 62102 | D146: 170964 | E146: 46210 | F146: CARRO PROPRIO | G146: 46217 | H146: 46217 | I146: R$ 1.625,59
A147: 101 | B147: VALECLIN LABORATORIO DE ANALISES CLINICA | C147: 62102 | D147: 170964 | E147: 46210 | F147: CARRO PROPRIO | G147: 46217 | H147: 46217 | I147: R$ 6,73
A148: 101 | B148: RESOLV HOSPITALAR LTDA | C148: 62104 | D148: 170518 | E148: 46205 | F148: CARRO PROPRIO | G148: 46213 | H148: 46213 | I148: R$ 650,00
A149: 101 | B149: VALECLIN LABORATORIO DE ANALISES CLINICA | C149: 62105 | D149: 173851 | E149: 46252 | F149: CARRO PROPRIO | G149: 46266 | I149: R$ 75,36
A150: 101 | B150: DIAGNOSTICOS DA AMERICA S.A . | C150: 62106 | D150: 171006 | E150: 46210 | F150: CARRO PROPRIO | G150: 46216 | H150: 46216 | I150: R$ 685,20
A151: 101 | B151: SBIB HOSPITAL ALBERT EINSTEIN | C151: 62107 | D151: 170562 | E151: 46205 | F151: CARRO PROPRIO | G151: 46216 | H151: 46216 | I151: R$ 248,00
A152: 101 | B152: DIAGNOSTICOS DA AMERICA S.A . | C152: 62108 | D152: 171007 | E152: 46210 | F152: CARRO PROPRIO | G152: 46216 | H152: 46216 | I152: R$ 5.064,00
A153: 101 | B153: SOCIEDADE BENEF ISRAELITABRAS HOSPITAL A | C153: 62109 | D153: 170947 | E153: 46210 | F153: CARRO PROPRIO | G153: 46213 | H153: 46213 | I153: R$ 261,60
A154: 101 | B154: SOCIEDADE BENEF ISRAELITABRAS HOSPITAL A | C154: 62109 | D154: 170563 | E154: 46205 | F154: CARRO PROPRIO | G154: 46209 | H154: 46209 | I154: R$ 1.275,30
A155: 101 | B155: DIAGNOSTICOS DA AMERICA SA | C155: 62110 | D155: 170619 | E155: 46205 | F155: CARRO PROPRIO | G155: 46210 | I155: R$ 5.302,31
A156: 101 | B156: SOCIEDADE BENEF ISRAELITA BRAS HOSPITAL | C156: 62111 | D156: 170948 | E156: 46210 | F156: CARRO PROPRIO | G156: 46218 | H156: 46220 | I156: R$ 310,00
A157: 101 | B157: SOCIEDADE BENEF ISRAELITABRAS HOSPITAL A | C157: 62112 | D157: 170564 | E157: 46205 | F157: CARRO PROPRIO | G157: 46210 | H157: 46210 | I157: R$ 337,90
A158: 101 | B158: SALOMAO E ZOPPI SERVICOS MEDICOS E PARTI | C158: 62113 | D158: 171008 | E158: 46210 | F158: CARRO PROPRIO | G158: 46216 | H158: 46216 | I158: R$ 1.124,04
A159: 101 | B159: CIENTIFICALAB PRODUTOS LABORATORIAIS E S | C159: 62114 | D159: 170746 | E159: 46206 | F159: CARRO PROPRIO | G159: 46217 | H159: 46217 | I159: R$ 6.637,25
A160: 101 | B160: CIENTIFICALAB PRODUTOS LABORATORIAIS E S | C160: 62114 | D160: 170965 | E160: 46210 | F160: CARRO PROPRIO | G160: 46217 | H160: 46217 | I160: R$ 4.460,82
A161: 101 | B161: CIENTIFICALAB PRODUTOS LABORATORIAIS E S | C161: 62114 | D161: 171038 | E161: 46211 | F161: CARRO PROPRIO | G161: 46217 | H161: 46217 | I161: R$ 3.990,00
A162: 101 | B162: SOCIEDADE BENEF ISRAELITABRAS HOSPITAL A | C162: 62115 | D162: 170949 | E162: 46210 | F162: CARRO PROPRIO | G162: 46213 | H162: 46213 | I162: R$ 994,08
A163: 101 | B163: SOCIEDADE BENEF ISRAELITABRAS HOSPITAL A | C163: 62115 | D163: 170565 | E163: 46205 | F163: CARRO PROPRIO | G163: 46210 | H163: 46210 | I163: R$ 1.221,89
A164: 101 | B164: CIENTIFICALAB PRODUTOS LABORATORIAIS E S | C164: 62116 | D164: 170966 | E164: 46210 | F164: CARRO PROPRIO | G164: 46217 | H164: 46217 | I164: R$ 138,00
A165: 101 | B165: CIENTIFICALAB PRODUTOS LABORATORIAIS E S | C165: 62116 | D165: 170850 | E165: 46209 | F165: CARRO PROPRIO | G165: 46210 | H165: 46210 | I165: R$ 720,96
A166: 101 | B166: CIENTIFICALAB PRODUTOS LABORATORIAIS E S | C166: 62117 | D166: 171809 | E166: 46219 | F166: CARRO PROPRIO | G166: 46224 | H166: 46224 | I166: R$ 14.133,80
A167: 101 | B167: SOC BENEF ISRAELITABRAS HOSPITAL ALBERT | C167: 62118 | D167: 170566 | E167: 46205 | F167: CARRO PROPRIO | G167: 46210 | H167: 46210 | I167: R$ 488,80
... A190: 101 | B190: DIAGNOSTICOS DA AMERICA S.A | C190: 62136 | D190: 171464 | E190: 46217 | F190: CARRO PROPRIO | G190: 46224 | H190: 46224 | I190: R$ 1.138,98
A191: 101 | B191: DIAGNOSTICOS DA AMERICA S.A | C191: 62137 | D191: 172022 | E191: 46220 | F191: CARRO PROPRIO | I191: R$ 1.934,80
A192: 101 | B192: GUIMA CONSECO CONST SERV E COMERCIO LTDA | C192: 62138 | D192: 170676 | E192: 46205 | F192: CARRO PROPRIO | G192: 46216 | H192: 46216 | I192: R$ 892,50
A193: 101 | B193: DIAGNOSTICOS DA AMERICA S.A | C193: 62139 | D193: 170849 | E193: 46209 | F193: CARRO PROPRIO | G193: 46210 | H193: 46210 | I193: R$ 511,20
A194: 101 | B194: SAO PAULO TRIBUNAL DE JUSTICA | C194: 62140 | D194: 170693 | E194: 46206 | F194: RISSO | G194: 46211 | H194: 46216 | I194: R$ 427,50
A195: 101 | B195: REAL E BENEMERITA ASS PORTUGUESA DE BENE | C195: 62141 | D195: 170530 | E195: 46205 | F195: CARRO PROPRIO | G195: 46213 | H195: 46213 | I195: R$ 1.896,00
A196: 101 | B196: UNIMED DE DRACENA COOPERATIVA DE TRABALHO MEDICO | C196: 62142 | D196: 170529 | E196: 46205 | F196: RISSO | G196: 46210 | H196: 46216 | I196: R$ 990,00
A197: 101 | B197: IRM SANTA CASA MISERICORDIA MARILIA | C197: 62143 | D197: 170567 | E197: 46205 | F197: RISSO | G197: 46206 | H197: 46209 | I197: R$ 333,90
A198: 101 | B198: SOCIEDADE BENEFICENTE SAO CAMILO | C198: 62144 | D198: 170568 | E198: 46205 | F198: CARRO PROPRIO | G198: 46210 | H198: 46210 | I198: R$ 537,05
A199: 101 | B199: MASTER HIGIMED COM PROD HIG E HOSP LTDA | C199: 62146 | D199: 170649 | E199: 46205 | F199: CARRO PROPRIO | G199: 46212 | H199: 46212 | I199: R$ 3.074,00
A200: 101 | B200: BIO CIENCIA LAVOISIER ANALISES CLINICAS | C200: 62147 | D200: 170638 | E200: 46205 | F200: CARRO PROPRIO | G200: 46211 | H200: 46211 | I200: R$ 2.403,40
A201: 101 | B201: CPCLIN - CENTRO DE PESQUISAS CLINICAS | C201: 62148 | D201: 170639 | E201: 46205 | F201: CARRO PROPRIO | G201: 46210 | I201: R$ 1.009,76
A202: 101 | B202: SALOMAO E ZOPPI SERVICOS MEDICOS E PARTI | C202: 62149 | D202: 170640 | E202: 46205 | F202: CARRO PROPRIO | G202: 46210 | I202: R$ 6.493,10
A203: 101 | B203: BIO CIENCIA LAVOISIER ANALISES CLINICAS | C203: 62150 | D203: 170641 | E203: 46205 | F203: CARRO PROPRIO | G203: 46210 | H203: 46210 | I203: R$ 727,10
A204: 101 | B204: LAVOISIER | C204: 62151 | D204: 170642 | E204: 46205 | F204: CARRO PROPRIO | G204: 46211 | H204: 46211 | I204: R$ 5.935,88
A205: 101 | B205: MATRIZ OSWALDO CRUZ | C205: 62152 | D205: 171009 | E205: 46210 | F205: RISSO | G205: 46213 | H205: 46216 | I205: R$ 1.554,85
A206: 101 | B206: PREVILAB ANALISES CLINICAS LTDA. | C206: 62153 | D206: 170643 | E206: 46205 | F206: RISSO | G206: 46206 | H206: 46209 | I206: R$ 983,18
A207: 101 | B207: DIAGNOSTICOS DA AMERICA S.A . | C207: 62155 | D207: 170624 | E207: 46205 | F207: CARRO PROPRIO | G207: 46210 | H207: 46210 | I207: R$ 3.072,96
A208: 101 | B208: DIAGNOSTICOS DA AMERICA SA | C208: 62156 | D208: 170623 | E208: 46205 | F208: CARRO PROPRIO | G208: 46210 | H208: 46210 | I208: R$ 1.529,58
...

Sheet Estátisticas
A1: Transportadora | B1: Total de Notas Fiscais | C1: Total Entregues (Concluídas) | D1: Total Não Entregues (Pendentes)
A2: {=UNIQUE(DadosBrutos!F2:F6895)} -> CARRO PROPRIO | B2: =COUNTIF(DadosBrutos!F:F, A2) -> 4356 | C2: =SUMPRODUCT((DadosBrutos!$F:$F=A2)*(DadosBrutos!$G:$G<>"")) -> 4162 | D2: =SUMPRODUCT((DadosBrutos!$F:$F=A2)*(DadosBrutos!$G:$G="")) -> 194
A3: RISSO | B3: =COUNTIF(DadosBrutos!F:F, A3) -> 1354 | C3: =SUMPRODUCT((DadosBrutos!$F:$F=A3)*(DadosBrutos!$G:$G<>"")) -> 1335 | D3: =SUMPRODUCT((DadosBrutos!$F:$F=A3)*(DadosBrutos!$G:$G="")) -> 19
A4: ARLETE TRANSPOR | B4: =COUNTIF(DadosBrutos!F:F, A4) -> 119 | C4: =SUMPRODUCT((DadosBrutos!$F:$F=A4)*(DadosBrutos!$G:$G<>"")) -> 119 | D4: =SUMPRODUCT((DadosBrutos!$F:$F=A4)*(DadosBrutos!$G:$G="")) -> 0
A5: BTA TRANSPORTE | B5: =COUNTIF(DadosBrutos!F:F, A5) -> 311 | C5: =SUMPRODUCT((DadosBrutos!$F:$F=A5)*(DadosBrutos!$G:$G<>"")) -> 306 | D5: =SUMPRODUCT((DadosBrutos!$F:$F=A5)*(DadosBrutos!$G:$G="")) -> 5
A6: PACIFICO LOG | B6: =COUNTIF(DadosBrutos!F:F, A6) -> 162 | C6: =SUMPRODUCT((DadosBrutos!$F:$F=A6)*(DadosBrutos!$G:$G<>"")) -> 160 | D6: =SUMPRODUCT((DadosBrutos!$F:$F=A6)*(DadosBrutos!$G:$G="")) -> 2
A7: BROS LOGÍSTICA | B7: =COUNTIF(DadosBrutos!F:F, A7) -> 73 | C7: =SUMPRODUCT((DadosBrutos!$F:$F=A7)*(DadosBrutos!$G:$G<>"")) -> 72 | D7: =SUMPRODUCT((DadosBrutos!$F:$F=A7)*(DadosBrutos!$G:$G="")) -> 1
A8: SCHREIBER LOGIS | B8: =COUNTIF(DadosBrutos!F:F, A8) -> 68 | C8: =SUMPRODUCT((DadosBrutos!$F:$F=A8)*(DadosBrutos!$G:$G<>"")) -> 60 | D8: =SUMPRODUCT((DadosBrutos!$F:$F=A8)*(DadosBrutos!$G:$G="")) -> 8
A9: CORREIOS | B9: =COUNTIF(DadosBrutos!F:F, A9) -> 47 | C9: =SUMPRODUCT((DadosBrutos!$F:$F=A9)*(DadosBrutos!$G:$G<>"")) -> 46 | D9: =SUMPRODUCT((DadosBrutos!$F:$F=A9)*(DadosBrutos!$G:$G="")) -> 1
A10: Não Definida | B10: =COUNTIF(DadosBrutos!F:F, A10) -> 290 | C10: =SUMPRODUCT((DadosBrutos!$F:$F=A10)*(DadosBrutos!$G:$G<>"")) -> 266 | D10: =SUMPRODUCT((DadosBrutos!$F:$F=A10)*(DadosBrutos!$G:$G="")) -> 24
A11: RETIRA MATRIZ | B11: =COUNTIF(DadosBrutos!F:F, A11) -> 40 | C11: =SUMPRODUCT((DadosBrutos!$F:$F=A11)*(DadosBrutos!$G:$G<>"")) -> 28 | D11: =SUMPRODUCT((DadosBrutos!$F:$F=A11)*(DadosBrutos!$G:$G="")) -> 12
A12: ARGIUS TRANSPOR | B12: =COUNTIF(DadosBrutos!F:F, A12) -> 1 | C12: =SUMPRODUCT((DadosBrutos!$F:$F=A12)*(DadosBrutos!$G:$G<>"")) -> 1 | D12: =SUMPRODUCT((DadosBrutos!$F:$F=A12)*(DadosBrutos!$G:$G="")) -> 0
A13: CARRO TECNICA | B13: =COUNTIF(DadosBrutos!F:F, A13) -> 52 | C13: =SUMPRODUCT((DadosBrutos!$F:$F=A13)*(DadosBrutos!$G:$G<>"")) -> 34 | D13: =SUMPRODUCT((DadosBrutos!$F:$F=A13)*(DadosBrutos!$G:$G="")) -> 18
A14: VAZ FIEL TRANSP | B14: =COUNTIF(DadosBrutos!F:F, A14) -> 16 | C14: =SUMPRODUCT((DadosBrutos!$F:$F=A14)*(DadosBrutos!$G:$G<>"")) -> 16 | D14: =SUMPRODUCT((DadosBrutos!$F:$F=A14)*(DadosBrutos!$G:$G="")) -> 0
... A19: TELE CARGA | B19: =COUNTIF(DadosBrutos!F:F, A19) -> 1 | C19: =SUMPRODUCT((DadosBrutos!$F:$F=A19)*(DadosBrutos!$G:$G<>"")) -> 1 | D19: =SUMPRODUCT((DadosBrutos!$F:$F=A19)*(DadosBrutos!$G:$G="")) -> 0
